Hydrogen,Oxygen,Methane,CO,CO2,Ethylene,Ethane,Acetylene,H2O
261.1661533891256,9650.156160908062,68.20944834843496,262.43755615029835,1921.8163730826107,134.10776032874935,55.84570607894072,185.11713599975047,18.06425784764326
279.23728385308505,9621.855259641616,69.49159457750777,261.67837149125114,1855.7865294671374,180.2517608610539,55.34801582684979,163.88864101211533,18.183097812824002
293.2750116573362,8978.150912452153,76.6097677315701,266.5726962626428,2059.135339174701,203.31934466967584,68.26139241867813,150.22797375914666,18.723888226154607
280.9666257978435,9630.810640564601,69.11396489283749,260.98033814515986,1843.6684912044445,177.98796305971075,55.01403132128421,165.9158499996154,18.1113151689585
273.6336696723287,9729.438743839055,68.06135656220813,260.5297990614904,1874.5337777304164,160.65418502451465,56.278884941329835,178.31592960066672,17.976906879682936
