Hydrogen,Oxygen,Methane,CO,CO2,Ethylene,Ethane,Acetylene,H2O
556.4840415363187,9606.991014020405,83.31124336118376,251.61977781334951,1738.1517247450488,231.91121484626586,72.58594384473241,200.4483637640362,16.03970229046025
579.9344329963371,8970.583483797938,90.36052928864828,250.61825178486637,1799.1592881491845,258.7350733741626,76.504323636894,186.21018274621977,16.502918466041095
553.081282029252,8457.216878549549,94.60707327677491,254.1196107825413,1867.842244307427,251.04769823027488,79.95255710799574,178.07464384040048,16.60763192292772
581.4545092696491,9033.877101165785,90.1511944982142,250.617179884235,1792.5164309903437,258.570159450811,75.8976381512894,188.66430332155937,16.480529907995685
575.1205402375659,9340.561526588659,87.90719277312937,251.6777487423893,1765.4597430004644,245.53202801871566,74.67971349491667,196.2320207530679,16.2829341383859
